ID;TYPE;LIBELLE;IMP;NB;URL
10189;CYCLISME_SPORTIF;Audrey Cordon-Ragot;140;1;https://www.lequipe.fr/Cyclisme-sur-route/CyclismeFicheCoureur10189.html
10280;CYCLISME_SPORTIF;Elia Viviani;271;3;https://www.lequipe.fr/Cyclisme-sur-route/CyclismeFicheCoureur10280.html
10293;CYCLISME_SPORTIF;Thibaut Pinot;2866;3;https://www.lequipe.fr/Cyclisme-sur-route/CyclismeFicheCoureur10293.html
10318;FOOTBALL_SPORTIF;Ronaldinho;1300;2;https://www.lequipe.fr/Football/FootballFicheJoueur10318.html
1043;BASKET_SPORTIF;Vince Carter;73;1;https://www.lequipe.fr/Basket/BasketFicheJoueur1043.html
10530;CYCLISME_SPORTIF;Elizabeth Armitstead-Deignan;9;2;https://www.lequipe.fr/Cyclisme-sur-route/CyclismeFicheCoureur10530.html
10768;CYCLISME_SPORTIF;Romain Bardet;1975;3;https://www.lequipe.fr/Cyclisme-sur-route/CyclismeFicheCoureur10768.html
10969;ATHLETISME_SPORTIF;Dimitri Bascou;137;1;https://www.lequipe.fr/Athletisme/AthletismeFicheAthlete10969.html
11014;CYCLISME_SPORTIF;Annemiek Van Vleuten;162;2;https://www.lequipe.fr/Cyclisme-sur-route/CyclismeFicheCoureur11014.html
11140;CYCLISME_SPORTIF;Alexis Vuillermoz;177;2;https://www.lequipe.fr/Cyclisme-sur-route/CyclismeFicheCoureur11140.html
1131;BASKET_SPORTIF;Tony Parker;2789;25;https://www.lequipe.fr/Basket/BasketFicheJoueur1131.html
11320;CYCLISME_SPORTIF;Julian Alaphilippe;2944;4;https://www.lequipe.fr/Cyclisme-sur-route/CyclismeFicheCoureur11320.html
11490;CYCLISME_SPORTIF;Primoz Roglic;1031;3;https://www.lequipe.fr/Cyclisme-sur-route/CyclismeFicheCoureur11490.html
11522;CYCLISME_SPORTIF;Mathieu Van Der Poel;1072;2;https://www.lequipe.fr/Cyclisme-sur-route/CyclismeFicheCoureur11522.html
11532;CYCLISME_SPORTIF;Wout Van Aert;904;1;https://www.lequipe.fr/Cyclisme-sur-route/CyclismeFicheCoureur11532.html
11617;CYCLISME_SPORTIF;Guillaume Martin;285;1;https://www.lequipe.fr/Cyclisme-sur-route/CyclismeFicheCoureur11617.html
11628;CYCLISME_SPORTIF;Rémi Cavagna;117;7;https://www.lequipe.fr/Cyclisme-sur-route/CyclismeFicheCoureur11628.html
11864;CYCLISME_SPORTIF;Benjamin Thomas;143;3;https://www.lequipe.fr/Cyclisme-sur-route/CyclismeFicheCoureur11864.html
1222;BASKET_SPORTIF;Edwige Lawson;66;1;https://www.lequipe.fr/Basket/BasketFicheJoueur1222.html
12290;CYCLISME_SPORTIF;David Gaudu;466;5;https://www.lequipe.fr/Cyclisme-sur-route/CyclismeFicheCoureur12290.html
1229;BASKET_SPORTIF;Yannick Souvre;7;1;https://www.lequipe.fr/Basket/BasketFicheJoueur1229.html
1331;BASKET_SPORTIF;Sarunas Jasikevicius;23;1;https://www.lequipe.fr/Basket/BasketFicheJoueur1331.html
136;BASKET_SPORTIF;Frédéric Weis;19;1;https://www.lequipe.fr/Basket/BasketFicheJoueur136.html
13991;TAEKWONDO_SPORTIF;Pascal Gentil;21;1;https://www.lequipe.fr/Sport/AussiFicheAthlete13991.html
14208;CYCLISME_SPORTIF;Anna Kiesenhofer;-98;4;https://www.lequipe.fr/Cyclisme-sur-route/CyclismeFicheCoureur14208.html
1553;BASKET_SPORTIF;Yakhouba Diawara;57;1;https://www.lequipe.fr/Basket/BasketFicheJoueur1553.html
15711;FOOTBALL_SPORTIF;Bob Wilson;67;1;https://www.lequipe.fr/Football/FootballFicheJoueur15711.html
1583;BASKET_SPORTIF;Boris Diaw;914;7;https://www.lequipe.fr/Basket/BasketFicheJoueur1583.html
15992;ATHLETISME_SPORTIF;Jimmy Vicaut;958;2;https://www.lequipe.fr/Athletisme/AthletismeFicheAthlete15992.html
164;CYCLISME_SPORTIF;David Millar;57;1;https://www.lequipe.fr/Cyclisme-sur-route/CyclismeFicheCoureur164.html
16591;FOOTBALL_SPORTIF;Gaël Clichy;290;1;https://www.lequipe.fr/Football/FootballFicheJoueur16591.html
16673;FOOTBALL_SPORTIF;Wayne Rooney;2857;1;https://www.lequipe.fr/Football/FootballFicheJoueur16673.html
17593;CYCLISME_SUR_PISTE_SPORTIF;Severino Angella;48;1;https://www.lequipe.fr/Sport/AussiFicheAthlete17593.html
175;BASKET_SPORTIF;Laurent Sciarra;24;2;https://www.lequipe.fr/Basket/BasketFicheJoueur175.html
179216;RUGBY_A_7_SPORTIF;Julien Candelon;6;1;https://www.lequipe.fr/Rugby-a-7/AussiFicheAthlete179216.html
18006;ATHLETISME_SPORTIF;Kevin Mayer;1254;2;https://www.lequipe.fr/Athletisme/AthletismeFicheAthlete18006.html
18675;FOOTBALL_SPORTIF;Daniel Alves;1724;1;https://www.lequipe.fr/Football/FootballFicheJoueur18675.html
20146;FOOTBALL_SPORTIF;Houssine Kharja;64;2;https://www.lequipe.fr/Football/FootballFicheJoueur20146.html
20761;NATATION_SPORTIF;Michael Phelps;899;1;https://www.lequipe.fr/Natation/NatationFicheAthlete20761.html
21222;FOOTBALL_SPORTIF;André-Pierre Gignac;4424;9;https://www.lequipe.fr/Football/FootballFicheJoueur21222.html
2164;TENNIS_SPORTIF;Michaël Llodra;674;1;https://www.lequipe.fr/Tennis/TennisFicheJoueur2164.html
22489;FOOTBALL_SPORTIF;Cafu;29;1;https://www.lequipe.fr/Football/FootballFicheJoueur22489.html
22894;FOOTBALL_SPORTIF;Micah Richards;66;1;https://www.lequipe.fr/Football/FootballFicheJoueur22894.html
22966;FOOTBALL_SPORTIF;Papiss Demba Cissé;184;3;https://www.lequipe.fr/Football/FootballFicheJoueur22966.html
2370;BASKET_SPORTIF;Pau Gasol;383;6;https://www.lequipe.fr/Basket/BasketFicheJoueur2370.html
23845;FOOTBALL_SPORTIF;Chu-young Park;103;4;https://www.lequipe.fr/Football/FootballFicheJoueur23845.html
242;NATATION_SPORTIF;Pieter Van Den Hoogenband;43;1;https://www.lequipe.fr/Natation/NatationFicheAthlete242.html
24334;JUDO_SPORTIF;Teddy Riner;1901;23;https://www.lequipe.fr/Judo/AussiFicheAthlete24334.html
2456;BASKET_SPORTIF;Mickael Gelabale;236;1;https://www.lequipe.fr/Basket/BasketFicheJoueur2456.html
245;NATATION_SPORTIF;Roxana Maracineanu;165;4;https://www.lequipe.fr/Natation/NatationFicheAthlete245.html
24825;FOOTBALL_SPORTIF;Medhi Benatia;504;1;https://www.lequipe.fr/Football/FootballFicheJoueur24825.html
24956;GYMNASTIQUE_SPORTIF;Thomas Bouhail;35;1;https://www.lequipe.fr/Sport/AussiFicheAthlete24956.html
25427;ESCRIME_SPORTIF;Olga Kharlan;14;1;https://www.lequipe.fr/Sport/AussiFicheAthlete25427.html
25540;FOOTBALL_SPORTIF;Juan Manuel Mata;470;1;https://www.lequipe.fr/Football/FootballFicheJoueur25540.html
25656;FOOTBALL_SPORTIF;Luis Suarez;3471;2;https://www.lequipe.fr/Football/FootballFicheJoueur25656.html
25671;FOOTBALL_SPORTIF;Adel Taarabt;241;1;https://www.lequipe.fr/Football/FootballFicheJoueur25671.html
25711;FOOTBALL_SPORTIF;Gareth Bale;3312;2;https://www.lequipe.fr/Football/FootballFicheJoueur25711.html
26059;FOOTBALL_SPORTIF;Giovani Dos Santos;135;4;https://www.lequipe.fr/Football/FootballFicheJoueur26059.html
26261;FOOTBALL_SPORTIF;Scott Sinclair;54;3;https://www.lequipe.fr/Football/FootballFicheJoueur26261.html
262;JUDO_SPORTIF;David Douillet;64;4;https://www.lequipe.fr/Judo/AussiFicheAthlete262.html
26337;FOOTBALL_SPORTIF;Edinson Cavani;6277;3;https://www.lequipe.fr/Football/FootballFicheJoueur26337.html
26350;FOOTBALL_SPORTIF;Daniel Sturridge;625;8;https://www.lequipe.fr/Football/FootballFicheJoueur26350.html
2681;BASKET_SPORTIF;Luis Scola;32;2;https://www.lequipe.fr/Basket/BasketFicheJoueur2681.html
2683;TENNIS_SPORTIF;Nicolas Mahut;1789;2;https://www.lequipe.fr/Tennis/TennisFicheJoueur2683.html
2712;TENNIS_SPORTIF;Paul-Henri Mathieu;790;1;https://www.lequipe.fr/Tennis/TennisFicheJoueur2712.html
27375;FOOTBALL_SPORTIF;Alexandre Pato;451;10;https://www.lequipe.fr/Football/FootballFicheJoueur27375.html
27678;FOOTBALL_SPORTIF;César Azpilicueta;427;3;https://www.lequipe.fr/Football/FootballFicheJoueur27678.html
2827;BASKET_SPORTIF;Andrew Albicy;167;2;https://www.lequipe.fr/Basket/BasketFicheJoueur2827.html
2850;BASKET_SPORTIF;Antoine Diot;284;2;https://www.lequipe.fr/Basket/BasketFicheJoueur2850.html
28631;FOOTBALL_SPORTIF;Demba Ba;393;2;https://www.lequipe.fr/Football/FootballFicheJoueur28631.html
2874;BASKET_SPORTIF;Thomas Heurtel;276;3;https://www.lequipe.fr/Basket/BasketFicheJoueur2874.html
28768;FOOTBALL_SPORTIF;Mohamed Aboutrika;25;3;https://www.lequipe.fr/Football/FootballFicheJoueur28768.html
2883;BASKET_SPORTIF;Ali Traoré;215;2;https://www.lequipe.fr/Basket/BasketFicheJoueur2883.html
2897;BASKET_SPORTIF;Yannick Bokolo;88;2;https://www.lequipe.fr/Basket/BasketFicheJoueur2897.html
2905;FOOTBALL_SPORTIF;Sylvain Ripoll;135;1;https://www.lequipe.fr/Football/FootballFicheJoueur2905.html
2927;BASKET_SPORTIF;Nicolas Batum;1588;22;https://www.lequipe.fr/Basket/BasketFicheJoueur2927.html
29427;FOOTBALL_SPORTIF;Pierre-Emerick Aubameyang;2483;4;https://www.lequipe.fr/Football/FootballFicheJoueur29427.html
29558;FOOTBALL_SPORTIF;Yassine El-Kharroubi;15;1;https://www.lequipe.fr/Football/FootballFicheJoueur29558.html
2962;BASKET_SPORTIF;Rodrigue Beaubois;293;1;https://www.lequipe.fr/Basket/BasketFicheJoueur2962.html
2963;BASKET_SPORTIF;Nando De Colo;873;4;https://www.lequipe.fr/Basket/BasketFicheJoueur2963.html
29652;FOOTBALL_SPORTIF;Thiago Silva;3698;2;https://www.lequipe.fr/Football/FootballFicheJoueur29652.html
30041;HANDBALL_SPORTIF;Cléopatre Darleux;109;1;https://www.lequipe.fr/Handball/UniverselFicheJoueur30041.html
30181;FOOTBALL_SPORTIF;Hulk;456;1;https://www.lequipe.fr/Football/FootballFicheJoueur30181.html
3117;CYCLISME_SPORTIF;Thor Hushovd;126;1;https://www.lequipe.fr/Cyclisme-sur-route/CyclismeFicheCoureur3117.html
31252;JUDO_SPORTIF;Emilie Andeol;210;1;https://www.lequipe.fr/Judo/AussiFicheAthlete31252.html
31362;ESCRIME_SPORTIF;Brice Guyart;28;3;https://www.lequipe.fr/Sport/AussiFicheAthlete31362.html
3146;TENNIS_SPORTIF;Edouard Roger-Vasselin;611;1;https://www.lequipe.fr/Tennis/TennisFicheJoueur3146.html
3153;TENNIS_SPORTIF;Novak Djokovic;13662;1;https://www.lequipe.fr/Tennis/TennisFicheJoueur3153.html
3181;TENNIS_SPORTIF;Jo-Wilfried Tsonga;5309;1;https://www.lequipe.fr/Tennis/TennisFicheJoueur3181.html
3191;TENNIS_SPORTIF;Gilles Simon;3469;4;https://www.lequipe.fr/Tennis/TennisFicheJoueur3191.html
3233;TENNIS_SPORTIF;Andy Murray;5049;3;https://www.lequipe.fr/Tennis/TennisFicheJoueur3233.html
32571;FOOTBALL_SPORTIF;Adrien Regattin;167;1;https://www.lequipe.fr/Football/FootballFicheJoueur32571.html
32741;FOOTBALL_SPORTIF;Abdelaziz Barrada;259;3;https://www.lequipe.fr/Football/FootballFicheJoueur32741.html
33061;FOOTBALL_SPORTIF;Younes Belhanda;727;3;https://www.lequipe.fr/Football/FootballFicheJoueur33061.html
33063;FOOTBALL_SPORTIF;Téji Savanier;367;2;https://www.lequipe.fr/Football/FootballFicheJoueur33063.html
33077;FOOTBALL_SPORTIF;Thiago Alcantara;634;2;https://www.lequipe.fr/Football/FootballFicheJoueur33077.html
33201;FOOTBALL_SPORTIF;Chris Wood;13;3;https://www.lequipe.fr/Football/FootballFicheJoueur33201.html
33371;FOOTBALL_SPORTIF;Yassine Jebbour;67;1;https://www.lequipe.fr/Football/FootballFicheJoueur33371.html
33917;FOOTBALL_SPORTIF;Iker Muniain;103;3;https://www.lequipe.fr/Football/FootballFicheJoueur33917.html
3465;TENNIS_SPORTIF;Pablo Andujar;200;1;https://www.lequipe.fr/Tennis/TennisFicheJoueur3465.html
34673;FOOTBALL_SPORTIF;Sandro;72;1;https://www.lequipe.fr/Football/FootballFicheJoueur34673.html
34728;FOOTBALL_SPORTIF;Jordi Alba;550;5;https://www.lequipe.fr/Football/FootballFicheJoueur34728.html
35352;FOOTBALL_SPORTIF;Nicolas Lodeiro;48;2;https://www.lequipe.fr/Football/FootballFicheJoueur35352.html
35492;FOOTBALL_SPORTIF;Zakarya Bergdich;31;3;https://www.lequipe.fr/Football/FootballFicheJoueur35492.html
354;RUGBY_SPORTIF;Stéphane Delpuech;122;1;https://www.lequipe.fr/Rugby/RugbyFicheJoueur354.html
35667;FOOTBALL_SPORTIF;Ibrahima Baldé;32;1;https://www.lequipe.fr/Football/FootballFicheJoueur35667.html
35677;GYMNASTIQUE_SPORTIF;Samir Ait-Said;226;3;https://www.lequipe.fr/Sport/AussiFicheAthlete35677.html
35714;FOOTBALL_SPORTIF;Alexander N'Doumbou;14;1;https://www.lequipe.fr/Football/FootballFicheJoueur35714.html
35975;FOOTBALL_SPORTIF;Zakaria Labyad;17;1;https://www.lequipe.fr/Football/FootballFicheJoueur35975.html
36094;JUDO_SPORTIF;Clarisse Agbegnenou;972;6;https://www.lequipe.fr/Judo/AussiFicheAthlete36094.html
37138;CANOE-KAYAK_SPORTIF;Boris Neveu;43;2;https://www.lequipe.fr/Sport/AussiFicheAthlete37138.html
37203;AVIRON_SPORTIF;Matthieu Androdias;94;1;https://www.lequipe.fr/Sport/AussiFicheAthlete37203.html
37798;PENTATHLON_SPORTIF;Elodie Clouvel;169;1;https://www.lequipe.fr/Sport/AussiFicheAthlete37798.html
38199;FOOTBALL_SPORTIF;Gaston Ramirez;47;4;https://www.lequipe.fr/Football/FootballFicheJoueur38199.html
38244;FOOTBALL_SPORTIF;Renan Bressan;2;3;https://www.lequipe.fr/Football/FootballFicheJoueur38244.html
38317;GOLF_SPORTIF;Hideki Matsuyama;362;1;https://www.lequipe.fr/Sport/AussiFicheAthlete38317.html
3895;FOOTBALL_SPORTIF;David Beckham;1604;5;https://www.lequipe.fr/Football/FootballFicheJoueur3895.html
3899;FOOTBALL_SPORTIF;Paul Scholes;165;1;https://www.lequipe.fr/Football/FootballFicheJoueur3899.html
3902;FOOTBALL_SPORTIF;Ryan Giggs;461;15;https://www.lequipe.fr/Football/FootballFicheJoueur3902.html
39792;FOOTBALL_SPORTIF;Neymar;17076;20;https://www.lequipe.fr/Football/FootballFicheJoueur39792.html
39890;FOOTBALL_SPORTIF;Leandro Damiao;66;10;https://www.lequipe.fr/Football/FootballFicheJoueur39890.html
39895;FOOTBALL_SPORTIF;Oscar;273;5;https://www.lequipe.fr/Football/FootballFicheJoueur39895.html
40460;FOOTBALL_SPORTIF;Norberto Murara Neto;40;2;https://www.lequipe.fr/Football/FootballFicheJoueur40460.html
4063;BASKET_SPORTIF;DeAndre Jordan;42;1;https://www.lequipe.fr/Basket/BasketFicheJoueur4063.html
40841;FOOTBALL_SPORTIF;Florian Thauvin;3755;6;https://www.lequipe.fr/Football/FootballFicheJoueur40841.html
4104;BASKET_SPORTIF;Russell Westbrook;476;3;https://www.lequipe.fr/Basket/BasketFicheJoueur4104.html
4120;BASKET_SPORTIF;Endy Miyem;86;1;https://www.lequipe.fr/Basket/BasketFicheJoueur4120.html
4122;BASKET_SPORTIF;Florence Lepron;9;2;https://www.lequipe.fr/Basket/BasketFicheJoueur4122.html
41260;FOOTBALL_SPORTIF;Wendie Renard;895;7;https://www.lequipe.fr/Football/FootballFicheJoueur41260.html
41261;FOOTBALL_SPORTIF;Laura Georges;141;5;https://www.lequipe.fr/Football/FootballFicheJoueur41261.html
41263;FOOTBALL_SPORTIF;Corine Petit;27;2;https://www.lequipe.fr/Football/FootballFicheJoueur41263.html
41264;FOOTBALL_SPORTIF;Sonia Bompastor;99;11;https://www.lequipe.fr/Football/FootballFicheJoueur41264.html
41269;FOOTBALL_SPORTIF;Eugénie Le Sommer;897;9;https://www.lequipe.fr/Football/FootballFicheJoueur41269.html
41270;FOOTBALL_SPORTIF;Louisa Necib-Cadamuro;139;6;https://www.lequipe.fr/Football/FootballFicheJoueur41270.html
41274;FOOTBALL_SPORTIF;Camille Abily;313;5;https://www.lequipe.fr/Football/FootballFicheJoueur41274.html
41278;FOOTBALL_SPORTIF;Elodie Thomis;99;4;https://www.lequipe.fr/Football/FootballFicheJoueur41278.html
41352;FOOTBALL_SPORTIF;Elise Bussaglia;173;6;https://www.lequipe.fr/Football/FootballFicheJoueur41352.html
41354;FOOTBALL_SPORTIF;Sandrine Soubeyrand;65;6;https://www.lequipe.fr/Football/FootballFicheJoueur41354.html
41355;FOOTBALL_SPORTIF;Marie-Laure Delie;211;5;https://www.lequipe.fr/Football/FootballFicheJoueur41355.html
41356;FOOTBALL_SPORTIF;Gaëtane Thiney;300;13;https://www.lequipe.fr/Football/FootballFicheJoueur41356.html
41599;FOOTBALL_SPORTIF;Oribe Peralta;49;1;https://www.lequipe.fr/Football/FootballFicheJoueur41599.html
41669;FOOTBALL_SPORTIF;Hope Solo;102;5;https://www.lequipe.fr/Football/FootballFicheJoueur41669.html
41689;FOOTBALL_SPORTIF;Abby Wambach;81;5;https://www.lequipe.fr/Football/FootballFicheJoueur41689.html
41699;FOOTBALL_SPORTIF;Homare Sawa;5;1;https://www.lequipe.fr/Football/FootballFicheJoueur41699.html
4171;CYCLISME_SPORTIF;Cadel Evans;330;2;https://www.lequipe.fr/Cyclisme-sur-route/CyclismeFicheCoureur4171.html
4184;BASKET_SPORTIF;Blake Griffin;160;2;https://www.lequipe.fr/Basket/BasketFicheJoueur4184.html
4191;CYCLISME_SPORTIF;Tom Boonen;493;1;https://www.lequipe.fr/Cyclisme-sur-route/CyclismeFicheCoureur4191.html
42071;FOOTBALL_SPORTIF;Yuki Otsu;2;3;https://www.lequipe.fr/Football/FootballFicheJoueur42071.html
4238;CYCLISME_SPORTIF;Sylvain Chavanel;496;3;https://www.lequipe.fr/Cyclisme-sur-route/CyclismeFicheCoureur4238.html
4239;CYCLISME_SPORTIF;Thomas Voeckler;661;2;https://www.lequipe.fr/Cyclisme-sur-route/CyclismeFicheCoureur4239.html
43093;FOOTBALL_SPORTIF;Moussa Konaté;106;12;https://www.lequipe.fr/Football/FootballFicheJoueur43093.html
43187;FOOTBALL_SPORTIF;Rômulo;13;3;https://www.lequipe.fr/Football/FootballFicheJoueur43187.html
43378;FOOTBALL_SPORTIF;André Poko;138;1;https://www.lequipe.fr/Football/FootballFicheJoueur43378.html
4358;TENNIS_SPORTIF;Saisai Zheng;63;1;https://www.lequipe.fr/Tennis/TennisFicheJoueur4358.html
4426;BASKET_SPORTIF;Evan Fournier;1227;8;https://www.lequipe.fr/Basket/BasketFicheJoueur4426.html
44391;FOOTBALL_SPORTIF;Rafael;375;4;https://www.lequipe.fr/Football/FootballFicheJoueur44391.html
44480;FOOTBALL_SPORTIF;Hiroki Sakai;373;1;https://www.lequipe.fr/Football/FootballFicheJoueur44480.html
4453;CYCLISME_SPORTIF;Samuel Sanchez;106;1;https://www.lequipe.fr/Cyclisme-sur-route/CyclismeFicheCoureur4453.html
4470;TENNIS_SPORTIF;Caroline Garcia;4311;1;https://www.lequipe.fr/Tennis/TennisFicheJoueur4470.html
4525;BASKET_SPORTIF;Sarah Michel;7;2;https://www.lequipe.fr/Basket/BasketFicheJoueur4525.html
45687;FOOTBALL_SPORTIF;Ferland Mendy;645;1;https://www.lequipe.fr/Football/FootballFicheJoueur45687.html
4580;BASKET_SPORTIF;Amel Bouderra;7;1;https://www.lequipe.fr/Basket/BasketFicheJoueur4580.html
45950;FOOTBALL_SPORTIF;Mohamed Salah;2019;6;https://www.lequipe.fr/Football/FootballFicheJoueur45950.html
46659;FOOTBALL_SPORTIF;Paulo Dybala;822;2;https://www.lequipe.fr/Football/FootballFicheJoueur46659.html
46961;FOOTBALL_SPORTIF;Marquinhos;2298;6;https://www.lequipe.fr/Football/FootballFicheJoueur46961.html
4722;BASKET_SPORTIF;Stephen Curry;1124;2;https://www.lequipe.fr/Basket/BasketFicheJoueur4722.html
4728;BASKET_SPORTIF;Aron Baynes;10;1;https://www.lequipe.fr/Basket/BasketFicheJoueur4728.html
4737;BASKET_SPORTIF;Jan Vesely;16;1;https://www.lequipe.fr/Basket/BasketFicheJoueur4737.html
47575;FOOTBALL_SPORTIF;Sabrina Delannoy;32;2;https://www.lequipe.fr/Football/FootballFicheJoueur47575.html
4772;BASKET_SPORTIF;Jrue Holiday;35;2;https://www.lequipe.fr/Basket/BasketFicheJoueur4772.html
47802;FOOTBALL_SPORTIF;Manuel Lanzini;53;2;https://www.lequipe.fr/Football/FootballFicheJoueur47802.html
4847;BASKET_SPORTIF;Romane Bernies;1;1;https://www.lequipe.fr/Basket/BasketFicheJoueur4847.html
5087;BASKET_SPORTIF;Rudy Gobert;2052;13;https://www.lequipe.fr/Basket/BasketFicheJoueur5087.html
5160;BASKET_SPORTIF;Greivis Vasquez;7;2;https://www.lequipe.fr/Basket/BasketFicheJoueur5160.html
5169;BASKET_SPORTIF;DeMarcus Cousins;170;1;https://www.lequipe.fr/Basket/BasketFicheJoueur5169.html
5184;BASKET_SPORTIF;Paul George;176;1;https://www.lequipe.fr/Basket/BasketFicheJoueur5184.html
520;CYCLISME_SPORTIF;Lance Armstrong;1135;1;https://www.lequipe.fr/Cyclisme-sur-route/CyclismeFicheCoureur520.html
53623;FOOTBALL_SPORTIF;Paul Bernardoni;431;1;https://www.lequipe.fr/Football/FootballFicheJoueur53623.html
5411;TENNIS_SPORTIF;Viktorija Golubic;45;1;https://www.lequipe.fr/Tennis/TennisFicheJoueur5411.html
5559;BASKET_SPORTIF;Isaiah Thomas;59;1;https://www.lequipe.fr/Basket/BasketFicheJoueur5559.html
55869;FOOTBALL_SPORTIF;Lucas Tousart;534;3;https://www.lequipe.fr/Football/FootballFicheJoueur55869.html
5641;TENNIS_SPORTIF;Pierre-Hugues Herbert;1533;1;https://www.lequipe.fr/Tennis/TennisFicheJoueur5641.html
566;BASKET_SPORTIF;Andrei Kirilenko;44;1;https://www.lequipe.fr/Basket/BasketFicheJoueur566.html
5731;TENNIS_SPORTIF;Ashleigh Barty;957;1;https://www.lequipe.fr/Tennis/TennisFicheJoueur5731.html
5807;BASKET_SPORTIF;Miranda Ayim;3;1;https://www.lequipe.fr/Basket/BasketFicheJoueur5807.html
58221;FOOTBALL_SPORTIF;Kylian Mbappé;140527;3;https://www.lequipe.fr/Football/FootballFicheJoueur58221.html
5872;BASKET_SPORTIF;Damian Lillard;258;4;https://www.lequipe.fr/Basket/BasketFicheJoueur5872.html
5875;BASKET_SPORTIF;Bradley Beal;66;2;https://www.lequipe.fr/Basket/BasketFicheJoueur5875.html
5958;BASKET_SPORTIF;Yannis Morin;27;1;https://www.lequipe.fr/Basket/BasketFicheJoueur5958.html
5995;BASKET_SPORTIF;Khris Middleton;39;1;https://www.lequipe.fr/Basket/BasketFicheJoueur5995.html
6014;BASKET_SPORTIF;Draymond Green;153;2;https://www.lequipe.fr/Basket/BasketFicheJoueur6014.html
6064;BASKET_SPORTIF;Timothé Luwawu-Cabarrot;288;1;https://www.lequipe.fr/Basket/BasketFicheJoueur6064.html
61574;FOOTBALL_SPORTIF;Clément Michelin;67;1;https://www.lequipe.fr/Football/FootballFicheJoueur61574.html
6179;BASKET_SPORTIF;Valériane Vukosavljevic;51;1;https://www.lequipe.fr/Basket/BasketFicheJoueur6179.html
627;BASKET_SPORTIF;Antoine Rigaudeau;37;1;https://www.lequipe.fr/Basket/BasketFicheJoueur627.html
6293;TENNIS_SPORTIF;Fiona Ferro;491;1;https://www.lequipe.fr/Tennis/TennisFicheJoueur6293.html
6410;BASKET_SPORTIF;Guerschon Yabusele;271;1;https://www.lequipe.fr/Basket/BasketFicheJoueur6410.html
6542;RUGBY_SPORTIF;Michael Hooper;68;2;https://www.lequipe.fr/Rugby/RugbyFicheJoueur6542.html
6677;TENNIS_SPORTIF;Naomi Osaka;1222;5;https://www.lequipe.fr/Tennis/TennisFicheJoueur6677.html
6692;ESCRIME_SPORTIF;Laura Flessel Colovic;188;8;https://www.lequipe.fr/Sport/AussiFicheAthlete6692.html
7139;BASKET_SPORTIF;Zach Lavine;52;2;https://www.lequipe.fr/Basket/BasketFicheJoueur7139.html
7223;BASKET_SPORTIF;Frank Ntilikina;434;2;https://www.lequipe.fr/Basket/BasketFicheJoueur7223.html
7238;BASKET_SPORTIF;Olivia Epoupa;41;5;https://www.lequipe.fr/Basket/BasketFicheJoueur7238.html
7313;BASKET_SPORTIF;Nikola Jokic;423;1;https://www.lequipe.fr/Basket/BasketFicheJoueur7313.html
7574;FOOTBALL_SPORTIF;Didier Drogba;1932;1;https://www.lequipe.fr/Football/FootballFicheJoueur7574.html
7631;BASKET_SPORTIF;Luka Doncic;485;4;https://www.lequipe.fr/Basket/BasketFicheJoueur7631.html
7643;FOOTBALL_SPORTIF;Craig Bellamy;62;8;https://www.lequipe.fr/Football/FootballFicheJoueur7643.html
7718;BASKET_SPORTIF;Devin Booker;111;2;https://www.lequipe.fr/Basket/BasketFicheJoueur7718.html
7776;RUGBY_SPORTIF;Antoine Dupont;1061;7;https://www.lequipe.fr/Rugby/RugbyFicheJoueur7776.html
7809;BASKET_SPORTIF;Marine Johannès;140;3;https://www.lequipe.fr/Basket/BasketFicheJoueur7809.html
8191;ATHLETISME_SPORTIF;Michel Jazy;100;1;https://www.lequipe.fr/Athletisme/AthletismeFicheAthlete8191.html
8339;EQUITATION_SPORTIF;Pierre Durand;1;1;https://www.lequipe.fr/Sport/AussiFicheAthlete8339.html
8446;NATATION_SPORTIF;Richard Pound;5;2;https://www.lequipe.fr/Natation/NatationFicheAthlete8446.html
8479;BASKET_SPORTIF;Alexia Chartereau;-82;1;https://www.lequipe.fr/Basket/BasketFicheJoueur8479.html
8665;CYCLISME_SPORTIF;Jeannie Longo-Ciprelli;113;1;https://www.lequipe.fr/Cyclisme-sur-route/CyclismeFicheCoureur8665.html
8763;CYCLISME_SPORTIF;Fabian Cancellara;482;2;https://www.lequipe.fr/Cyclisme-sur-route/CyclismeFicheCoureur8763.html
882;BASKET_SPORTIF;Kobe Bryant;1070;9;https://www.lequipe.fr/Basket/BasketFicheJoueur882.html
8930;TENNIS_SPORTIF;Ugo Humbert;1255;1;https://www.lequipe.fr/Tennis/TennisFicheJoueur8930.html
8;VOILE_SPORTIF;CAMMAS Franck;396;1;https://www.lequipe.fr/Voile/AussiFicheAthlete8.html
9095;CYCLISME_SPORTIF;Simon Clarke;30;1;https://www.lequipe.fr/Cyclisme-sur-route/CyclismeFicheCoureur9095.html
9181;CYCLISME_SPORTIF;Dan Martin;164;1;https://www.lequipe.fr/Cyclisme-sur-route/CyclismeFicheCoureur9181.html
9232;CYCLISME_SPORTIF;Christopher Froome;2675;6;https://www.lequipe.fr/Cyclisme-sur-route/CyclismeFicheCoureur9232.html
9265;CYCLISME_SPORTIF;Tony Gallopin;350;1;https://www.lequipe.fr/Cyclisme-sur-route/CyclismeFicheCoureur9265.html
9379;CYCLISME_SPORTIF;Jason Kenny;16;1;https://www.lequipe.fr/Cyclisme-sur-route/CyclismeFicheCoureur9379.html
944;BOXE_SPORTIF;Edward H. Sanders;186;2;https://www.lequipe.fr/Sport/AussiFicheAthlete944.html
949;BASKET_SPORTIF;Scottie Pippen;25;1;https://www.lequipe.fr/Basket/BasketFicheJoueur949.html
9663;FOOTBALL_SPORTIF;Michel Platini;2516;1;https://www.lequipe.fr/Football/FootballFicheJoueur9663.html
9746;BASKET_SPORTIF;Marine Fauthoux;-93;1;https://www.lequipe.fr/Basket/BasketFicheJoueur9746.html
9857;CANOE-KAYAK_SPORTIF;Wilfrid Forgues;35;1;https://www.lequipe.fr/Sport/AussiFicheAthlete9857.html
9858;CANOE-KAYAK_SPORTIF;Tony Estanguet;252;137;https://www.lequipe.fr/Sport/AussiFicheAthlete9858.html
9861;TENNIS_DE_TABLE_SPORTIF;Jean-Philippe Gatien;8;1;https://www.lequipe.fr/Sport/AussiFicheAthlete9861.html
